XIndex,665295,489995080,6.4387,ExponentialSearch,64
XIndex,585431,494493992,6.53407,BinarySearch,64
XIndex,603076,493513752,6.5375,ExponentialSearch,128
Wormhole,1371072,317652320,8.55242
FINEdex,497999,964566288,9.77632,LinearSearch,128
FINEdex,427503,964566288,9.29871,ExponentialSearch,128
FINEdex,755853,964382448,9.45142,BinarySearch,2048
